<?xml version="1.0" encoding="UTF-8"?>
<con:soapui-project id="5f672573-ee97-4077-bcd4-0bd843dda7d4" activeEnvironment="Default" name="servicioEmpleado" resourceRoot="" soapui-version="5.4.0" abortOnError="false" runType="SEQUENTIAL" xmlns:con="http://eviware.com/soapui/config"><con:settings/><con:interface xsi:type="con:WsdlInterface" id="c38b1412-310c-4653-9df3-45cac200bdaf" wsaVersion="NONE" name="servicioEmpleadoSOAP" type="wsdl" bindingName="{http://www.example.org/servicioEmpleado/}servicioEmpleadoSOAP" soapVersion="1_1" anonymous="optional" definition="file:/C:/MTIS/workspace/P1/servicioEmpleado.wsdl" xmlns:xsi="http://www.w3.org/2001/XMLSchema-instance"><con:settings/><con:definitionCache type="TEXT" rootPart="file:\C:\MTIS\workspace\P1\servicioEmpleado.wsdl"><con:part><con:url>file:\C:\MTIS\workspace\P1\servicioEmpleado.wsdl</con:url><con:content><![CDATA[<wsdl:definitions name="servicioEmpleado" targetNamespace="http://www.example.org/servicioEmpleado/" xmlns:soap="http://schemas.xmlsoap.org/wsdl/soap/" xmlns:tns="http://www.example.org/servicioEmpleado/" xmlns:wsdl="http://schemas.xmlsoap.org/wsdl/" xmlns:xsd="http://www.w3.org/2001/XMLSchema">
  <wsdl:types>
    <xsd:schema targetNamespace="http://www.example.org/servicioEmpleado/">
      <xsd:element name="nuevo">
        <xsd:complexType>
          <xsd:sequence>
            <xsd:element name="empleado" type="tns:Empleado"/>
          </xsd:sequence>
        </xsd:complexType>
      </xsd:element>
      <xsd:element name="nuevoResponse">
        <xsd:complexType>
          <xsd:sequence>
            <xsd:element name="result" type="xsd:boolean"/>
            <xsd:element name="message" type="xsd:string"/>
          </xsd:sequence>
        </xsd:complexType>
      </xsd:element>
      <xsd:element name="borrar">
        <xsd:complexType>
          <xsd:sequence>
            <xsd:element name="nif" type="xsd:string"/>
          </xsd:sequence>
        </xsd:complexType>
      </xsd:element>
      <xsd:element name="borrarResponse">
        <xsd:complexType>
          <xsd:sequence>
            <xsd:element name="result" type="xsd:boolean"/>
            <xsd:element name="message" type="xsd:string"/>
          </xsd:sequence>
        </xsd:complexType>
      </xsd:element>
      <xsd:element name="modificar">
        <xsd:complexType>
          <xsd:sequence>
            <xsd:element name="empleado" type="tns:Empleado"/>
          </xsd:sequence>
        </xsd:complexType>
      </xsd:element>
      <xsd:element name="modificarResponse">
        <xsd:complexType>
          <xsd:sequence>
            <xsd:element name="result" type="xsd:boolean"/>
            <xsd:element name="message" type="xsd:string"/>
          </xsd:sequence>
        </xsd:complexType>
      </xsd:element>
      <xsd:element name="consultar">
        <xsd:complexType>
          <xsd:sequence>
            <xsd:element name="nif" type="xsd:string"/>
          </xsd:sequence>
        </xsd:complexType>
      </xsd:element>
      <xsd:element name="consultarResponse">
        <xsd:complexType>
          <xsd:sequence>
            <xsd:element name="empleado" type="tns:Empleado"/>
            <xsd:element name="result" type="xsd:boolean"/>
            <xsd:element name="message" type="xsd:string"/>
          </xsd:sequence>
        </xsd:complexType>
      </xsd:element>
      <xsd:complexType name="Empleado">
        <xsd:sequence>
          <xsd:element name="id" type="xsd:int"/>
          <xsd:element name="nif" type="xsd:string"/>
          <xsd:element name="nombre" type="xsd:string"/>
          <xsd:element name="apellidos" type="xsd:string"/>
          <xsd:element name="direccion" type="xsd:string"/>
          <xsd:element name="poblacion" type="xsd:string"/>
          <xsd:element name="telefono" type="xsd:string"/>
          <xsd:element name="email" type="xsd:string"/>
          <xsd:element name="fechaNacimiento" type="xsd:date"/>
          <xsd:element name="naf" type="xsd:string"/>
          <xsd:element name="iban" type="xsd:string"/>
          <xsd:element name="nivel" type="xsd:int"/>
          <xsd:element name="usuario" type="xsd:string"/>
          <xsd:element name="password" type="xsd:string"/>
          <xsd:element name="valido" type="xsd:int"/>
        </xsd:sequence>
      </xsd:complexType>
    </xsd:schema>
  </wsdl:types>
  <wsdl:message name="nuevoRequest">
    <wsdl:part element="tns:nuevo" name="parameters"/>
  </wsdl:message>
  <wsdl:message name="nuevoResponse">
    <wsdl:part element="tns:nuevoResponse" name="parameters"/>
  </wsdl:message>
  <wsdl:message name="borrarRequest">
    <wsdl:part name="parameters" element="tns:borrar"/>
  </wsdl:message>
  <wsdl:message name="borrarResponse">
    <wsdl:part name="parameters" element="tns:borrarResponse"/>
  </wsdl:message>
  <wsdl:message name="modificarRequest">
    <wsdl:part name="parameters" element="tns:modificar"/>
  </wsdl:message>
  <wsdl:message name="modificarResponse">
    <wsdl:part name="parameters" element="tns:modificarResponse"/>
  </wsdl:message>
  <wsdl:message name="consultarRequest">
    <wsdl:part name="parameters" element="tns:consultar"/>
  </wsdl:message>
  <wsdl:message name="consultarResponse">
    <wsdl:part name="parameters" element="tns:consultarResponse"/>
  </wsdl:message>
  <wsdl:portType name="servicioEmpleado">
    <wsdl:operation name="nuevo">
      <wsdl:input message="tns:nuevoRequest"/>
      <wsdl:output message="tns:nuevoResponse"/>
    </wsdl:operation>
    <wsdl:operation name="borrar">
      <wsdl:input message="tns:borrarRequest"/>
      <wsdl:output message="tns:borrarResponse"/>
    </wsdl:operation>
    <wsdl:operation name="modificar">
      <wsdl:input message="tns:modificarRequest"/>
      <wsdl:output message="tns:modificarResponse"/>
    </wsdl:operation>
    <wsdl:operation name="consultar">
      <wsdl:input message="tns:consultarRequest"/>
      <wsdl:output message="tns:consultarResponse"/>
    </wsdl:operation>
  </wsdl:portType>
  <wsdl:binding name="servicioEmpleadoSOAP" type="tns:servicioEmpleado">
    <soap:binding style="document" transport="http://schemas.xmlsoap.org/soap/http"/>
    <wsdl:operation name="nuevo">
      <soap:operation soapAction="http://www.example.org/servicioEmpleado/nuevo"/>
      <wsdl:input>
        <soap:body use="literal"/>
      </wsdl:input>
      <wsdl:output>
        <soap:body use="literal"/>
      </wsdl:output>
    </wsdl:operation>
    <wsdl:operation name="borrar">
      <soap:operation soapAction="http://www.example.org/servicioEmpleado/borrar"/>
      <wsdl:input>
        <soap:body use="literal"/>
      </wsdl:input>
      <wsdl:output>
        <soap:body use="literal"/>
      </wsdl:output>
    </wsdl:operation>
    <wsdl:operation name="modificar">
      <soap:operation soapAction="http://www.example.org/servicioEmpleado/modificar"/>
      <wsdl:input>
        <soap:body use="literal"/>
      </wsdl:input>
      <wsdl:output>
        <soap:body use="literal"/>
      </wsdl:output>
    </wsdl:operation>
    <wsdl:operation name="consultar">
      <soap:operation soapAction="http://www.example.org/servicioEmpleado/consultar"/>
      <wsdl:input>
        <soap:body use="literal"/>
      </wsdl:input>
      <wsdl:output>
        <soap:body use="literal"/>
      </wsdl:output>
    </wsdl:operation>
  </wsdl:binding>
  <wsdl:service name="servicioEmpleado">
    <wsdl:port binding="tns:servicioEmpleadoSOAP" name="servicioEmpleadoSOAP">
      <soap:address location="http://www.example.org/"/>
    </wsdl:port>
  </wsdl:service>
</wsdl:definitions>]]></con:content><con:type>http://schemas.xmlsoap.org/wsdl/</con:type></con:part></con:definitionCache><con:endpoints><con:endpoint>http://www.example.org/</con:endpoint></con:endpoints><con:operation id="007033ce-7593-4b71-a1fa-1851390c0102" isOneWay="false" action="http://www.example.org/servicioEmpleado/borrar" name="borrar" bindingOperationName="borrar" type="Request-Response" inputName="" receivesAttachments="false" sendsAttachments="false" anonymous="optional"><con:settings/><con:call id="467e8a88-3093-49c4-9946-846b043bdefc" name="Request 1"><con:settings><con:setting id="com.eviware.soapui.impl.wsdl.WsdlRequest@request-headers">&lt;xml-fragment/></con:setting></con:settings><con:encoding>UTF-8</con:encoding><con:endpoint>http://localhost:8080/P1/services/servicioEmpleado</con:endpoint><con:request><![CDATA[<soapenv:Envelope xmlns:soapenv="http://schemas.xmlsoap.org/soap/envelope/" xmlns:ser="http://www.example.org/servicioEmpleado/">\r
   <soapenv:Header/>\r
   <soapenv:Body>\r
      <ser:borrar>\r
         <nif>17621560H</nif>\r
      </ser:borrar>\r
   </soapenv:Body>\r
</soapenv:Envelope>]]></con:request><con:credentials><con:authType>No Authorization</con:authType></con:credentials><con:jmsConfig JMSDeliveryMode="PERSISTENT"/><con:jmsPropertyConfig/><con:wsaConfig mustUnderstand="NONE" version="200508" action="http://www.example.org/servicioEmpleado/borrar"/><con:wsrmConfig version="1.2"/></con:call></con:operation><con:operation id="3dfc4bea-6e6b-4e1e-a4eb-5e811d3bd1f9" isOneWay="false" action="http://www.example.org/servicioEmpleado/consultar" name="consultar" bindingOperationName="consultar" type="Request-Response" inputName="" receivesAttachments="false" sendsAttachments="false" anonymous="optional"><con:settings/><con:call id="4e899c82-b6b4-4860-82ab-1cb292700562" name="Request 1"><con:settings><con:setting id="com.eviware.soapui.impl.wsdl.WsdlRequest@request-headers">&lt;xml-fragment/></con:setting></con:settings><con:encoding>UTF-8</con:encoding><con:endpoint>http://localhost:8080/P1/services/servicioEmpleado</con:endpoint><con:request><![CDATA[<soapenv:Envelope xmlns:soapenv="http://schemas.xmlsoap.org/soap/envelope/" xmlns:ser="http://www.example.org/servicioEmpleado/">\r
   <soapenv:Header/>\r
   <soapenv:Body>\r
      <ser:consultar>\r
         <nif>17621560H</nif>\r
      </ser:consultar>\r
   </soapenv:Body>\r
</soapenv:Envelope>]]></con:request><con:credentials><con:authType>No Authorization</con:authType></con:credentials><con:jmsConfig JMSDeliveryMode="PERSISTENT"/><con:jmsPropertyConfig/><con:wsaConfig mustUnderstand="NONE" version="200508" action="http://www.example.org/servicioEmpleado/consultar"/><con:wsrmConfig version="1.2"/></con:call></con:operation><con:operation id="fdeb8136-4665-4678-a260-d3e63a803215" isOneWay="false" action="http://www.example.org/servicioEmpleado/modificar" name="modificar" bindingOperationName="modificar" type="Request-Response" inputName="" receivesAttachments="false" sendsAttachments="false" anonymous="optional"><con:settings/><con:call id="7910c34d-d315-46d8-b30b-a8c2427d01f8" name="Request 1"><con:settings><con:setting id="com.eviware.soapui.impl.wsdl.WsdlRequest@request-headers">&lt;xml-fragment/></con:setting></con:settings><con:encoding>UTF-8</con:encoding><con:endpoint>http://localhost:8080/P1/services/servicioEmpleado</con:endpoint><con:request><![CDATA[<soapenv:Envelope xmlns:soapenv="http://schemas.xmlsoap.org/soap/envelope/" xmlns:ser="http://www.example.org/servicioEmpleado/">\r
   <soapenv:Header/>\r
   <soapenv:Body>\r
      <ser:modificar>\r
         <empleado>\r
            <id>1</id>\r
            <nif>17621560H</nif>\r
            <nombre>Juan</nombre>\r
            <apellidos>Lopez</apellidos>\r
            <direccion>aa</direccion>\r
            <poblacion>aaa</poblacion>\r
            <telefono>aaaa</telefono>\r
            <email>aaaaa</email>\r
            <fechaNacimiento>2003-02-02</fechaNacimiento>\r
            <naf>123456789012</naf>\r
            <iban>ES3604879661838341429779</iban>\r
            <nivel>1</nivel>\r
            <usuario>user</usuario>\r
            <password>password</password>\r
            <valido>1</valido>\r
         </empleado>\r
      </ser:modificar>\r
   </soapenv:Body>\r
</soapenv:Envelope>]]></con:request><con:credentials><con:authType>No Authorization</con:authType></con:credentials><con:jmsConfig JMSDeliveryMode="PERSISTENT"/><con:jmsPropertyConfig/><con:wsaConfig mustUnderstand="NONE" version="200508" action="http://www.example.org/servicioEmpleado/modificar"/><con:wsrmConfig version="1.2"/></con:call></con:operation><con:operation id="8b703555-1879-4621-b3ae-305ff26536fd" isOneWay="false" action="http://www.example.org/servicioEmpleado/nuevo" name="nuevo" bindingOperationName="nuevo" type="Request-Response" inputName="" receivesAttachments="false" sendsAttachments="false" anonymous="optional"><con:settings/><con:call id="ad0c8135-0fea-464a-ba79-b58eb5697d24" name="Request 1"><con:settings><con:setting id="com.eviware.soapui.impl.wsdl.WsdlRequest@request-headers">&lt;xml-fragment/></con:setting></con:settings><con:encoding>UTF-8</con:encoding><con:endpoint>http://localhost:8080/P1/services/servicioEmpleado</con:endpoint><con:request><![CDATA[<soapenv:Envelope xmlns:soapenv="http://schemas.xmlsoap.org/soap/envelope/" xmlns:ser="http://www.example.org/servicioEmpleado/">\r
   <soapenv:Header/>\r
   <soapenv:Body>\r
      <ser:nuevo>\r
         <empleado>\r
            <id>1</id>
            <nif>17621560H</nif>
            <nombre>Juan</nombre>
            <apellidos>Lopez</apellidos>
            <direccion>aa</direccion>
            <poblacion>aaa</poblacion>
            <telefono>aaaa</telefono>
            <email>aaaaa</email>
            <fechaNacimiento>2003-02-02</fechaNacimiento>
            <naf>123456789012</naf>
            <iban>ES3604879661838341429779</iban>
            <nivel>1</nivel>
            <usuario>user</usuario>
            <password>password</password>
            <valido>1</valido>
         </empleado>\r
      </ser:nuevo>\r
   </soapenv:Body>\r
</soapenv:Envelope>]]></con:request><con:credentials><con:authType>No Authorization</con:authType></con:credentials><con:jmsConfig JMSDeliveryMode="PERSISTENT"/><con:jmsPropertyConfig/><con:wsaConfig mustUnderstand="NONE" version="200508" action="http://www.example.org/servicioEmpleado/nuevo"/><con:wsrmConfig version="1.2"/></con:call></con:operation></con:interface><con:properties/><con:wssContainer/><con:oAuth2ProfileContainer/><con:oAuth1ProfileContainer/></con:soapui-project>