<?xml version="1.0" encoding="UTF-8"?>
<con:soapui-project id="55d993b4-6544-4574-9041-0c60551c367c" activeEnvironment="Default" name="servicioControlPresencia" resourceRoot="" soapui-version="5.4.0" abortOnError="false" runType="SEQUENTIAL" xmlns:con="http://eviware.com/soapui/config"><con:settings/><con:interface xsi:type="con:WsdlInterface" id="99bc01a9-1f0a-43d6-957d-3e2ff80ab7c5" wsaVersion="NONE" name="servicioControlPresenciaSOAP" type="wsdl" bindingName="{http://www.example.org/servicioControlPresencia/}servicioControlPresenciaSOAP" soapVersion="1_1" anonymous="optional" definition="file:/C:/MTIS/workspace/P1/servicioControlPresencia.wsdl" xmlns:xsi="http://www.w3.org/2001/XMLSchema-instance"><con:settings/><con:definitionCache type="TEXT" rootPart="file:\C:\MTIS\workspace\P1\servicioControlPresencia.wsdl"><con:part><con:url>file:\C:\MTIS\workspace\P1\servicioControlPresencia.wsdl</con:url><con:content><![CDATA[<wsdl:definitions name="servicioControlPresencia" targetNamespace="http://www.example.org/servicioControlPresencia/" xmlns:soap="http://schemas.xmlsoap.org/wsdl/soap/" xmlns:tns="http://www.example.org/servicioControlPresencia/" xmlns:wsdl="http://schemas.xmlsoap.org/wsdl/" xmlns:xsd="http://www.w3.org/2001/XMLSchema">
  <wsdl:types>
    <xsd:schema targetNamespace="http://www.example.org/servicioControlPresencia/">
      <xsd:element name="registrar">
        <xsd:complexType>
          <xsd:sequence>
            <xsd:element name="nif" type="xsd:string"/>
            <xsd:element name="codigosala" type="xsd:string"/>
          </xsd:sequence>
        </xsd:complexType>
      </xsd:element>
      <xsd:element name="registrarResponse">
        <xsd:complexType>
          <xsd:sequence>
            <xsd:element name="result" type="xsd:boolean"/>
            <xsd:element name="message" type="xsd:string"/>
          </xsd:sequence>
        </xsd:complexType>
      </xsd:element>
      <xsd:element name="eliminar">
        <xsd:complexType>
          <xsd:sequence>
            <xsd:element name="nif" type="xsd:string"/>
            <xsd:element name="codigosala" type="xsd:string"/>
          </xsd:sequence>
        </xsd:complexType>
      </xsd:element>
      <xsd:element name="eliminarResponse">
        <xsd:complexType>
          <xsd:sequence>
            <xsd:element name="result" type="xsd:boolean"/>
            <xsd:element name="message" type="xsd:string"/>
          </xsd:sequence>
        </xsd:complexType>
      </xsd:element>
      <xsd:element name="controlEmpleadosSala">
        <xsd:complexType>
          <xsd:sequence>
            <xsd:element name="codigosala" type="xsd:string"/>
          </xsd:sequence>
        </xsd:complexType>
      </xsd:element>
      <xsd:element name="controlEmpleadosSalaResponse">
        <xsd:complexType>
          <xsd:sequence>
            <xsd:element name="usuarios" type="xsd:string" maxOccurs="unbounded" minOccurs="0"/>
            <xsd:element name="result" type="xsd:boolean"/>
            <xsd:element name="message" type="xsd:string"/>
          </xsd:sequence>
        </xsd:complexType>
      </xsd:element>
    </xsd:schema>
  </wsdl:types>
  <wsdl:message name="registrarRequest">
    <wsdl:part element="tns:registrar" name="parameters"/>
  </wsdl:message>
  <wsdl:message name="registrarResponse">
    <wsdl:part element="tns:registrarResponse" name="parameters"/>
  </wsdl:message>
  <wsdl:message name="eliminarRequest">
    <wsdl:part name="parameters" element="tns:eliminar"/>
  </wsdl:message>
  <wsdl:message name="eliminarResponse">
    <wsdl:part name="parameters" element="tns:eliminarResponse"/>
  </wsdl:message>
  <wsdl:message name="controlEmpleadosSalaRequest">
    <wsdl:part name="parameters" element="tns:controlEmpleadosSala"/>
  </wsdl:message>
  <wsdl:message name="controlEmpleadosSalaResponse">
    <wsdl:part name="parameters" element="tns:controlEmpleadosSalaResponse"/>
  </wsdl:message>
  <wsdl:portType name="servicioControlPresencia">
    <wsdl:operation name="registrar">
      <wsdl:input message="tns:registrarRequest"/>
      <wsdl:output message="tns:registrarResponse"/>
    </wsdl:operation>
    <wsdl:operation name="eliminar">
      <wsdl:input message="tns:eliminarRequest"/>
      <wsdl:output message="tns:eliminarResponse"/>
    </wsdl:operation>
    <wsdl:operation name="controlEmpleadosSala">
      <wsdl:input message="tns:controlEmpleadosSalaRequest"/>
      <wsdl:output message="tns:controlEmpleadosSalaResponse"/>
    </wsdl:operation>
  </wsdl:portType>
  <wsdl:binding name="servicioControlPresenciaSOAP" type="tns:servicioControlPresencia">
    <soap:binding style="document" transport="http://schemas.xmlsoap.org/soap/http"/>
    <wsdl:operation name="registrar">
      <soap:operation soapAction="http://www.example.org/servicioControlPresencia/registrar"/>
      <wsdl:input>
        <soap:body use="literal"/>
      </wsdl:input>
      <wsdl:output>
        <soap:body use="literal"/>
      </wsdl:output>
    </wsdl:operation>
    <wsdl:operation name="eliminar">
      <soap:operation soapAction="http://www.example.org/servicioControlPresencia/eliminar"/>
      <wsdl:input>
        <soap:body use="literal"/>
      </wsdl:input>
      <wsdl:output>
        <soap:body use="literal"/>
      </wsdl:output>
    </wsdl:operation>
    <wsdl:operation name="controlEmpleadosSala">
      <soap:operation soapAction="http://www.example.org/servicioControlPresencia/controlEmpleadosSala"/>
      <wsdl:input>
        <soap:body use="literal"/>
      </wsdl:input>
      <wsdl:output>
        <soap:body use="literal"/>
      </wsdl:output>
    </wsdl:operation>
  </wsdl:binding>
  <wsdl:service name="servicioControlPresencia">
    <wsdl:port binding="tns:servicioControlPresenciaSOAP" name="servicioControlPresenciaSOAP">
      <soap:address location="http://www.example.org/"/>
    </wsdl:port>
  </wsdl:service>
</wsdl:definitions>]]></con:content><con:type>http://schemas.xmlsoap.org/wsdl/</con:type></con:part></con:definitionCache><con:endpoints><con:endpoint>http://www.example.org/</con:endpoint></con:endpoints><con:operation id="73d500ed-081f-4cdd-b452-f46228f48f63" isOneWay="false" action="http://www.example.org/servicioControlPresencia/controlEmpleadosSala" name="controlEmpleadosSala" bindingOperationName="controlEmpleadosSala" type="Request-Response" inputName="" receivesAttachments="false" sendsAttachments="false" anonymous="optional"><con:settings/><con:call id="9adbf422-cb85-41bd-9e09-b31b1caf50af" name="Request 1"><con:settings><con:setting id="com.eviware.soapui.impl.wsdl.WsdlRequest@request-headers">&lt;xml-fragment/></con:setting></con:settings><con:encoding>UTF-8</con:encoding><con:endpoint>http://localhost:8080/P1/services/servicioControlPresencia</con:endpoint><con:request><![CDATA[<soapenv:Envelope xmlns:soapenv="http://schemas.xmlsoap.org/soap/envelope/" xmlns:ser="http://www.example.org/servicioControlPresencia/">\r
   <soapenv:Header/>\r
   <soapenv:Body>\r
      <ser:controlEmpleadosSala>\r
         <codigosala>12</codigosala>\r
      </ser:controlEmpleadosSala>\r
   </soapenv:Body>\r
</soapenv:Envelope>]]></con:request><con:credentials><con:authType>No Authorization</con:authType></con:credentials><con:jmsConfig JMSDeliveryMode="PERSISTENT"/><con:jmsPropertyConfig/><con:wsaConfig mustUnderstand="NONE" version="200508" action="http://www.example.org/servicioControlPresencia/controlEmpleadosSala"/><con:wsrmConfig version="1.2"/></con:call></con:operation><con:operation id="e8b23494-91ac-48e8-8ec7-e85ff0c88cbb" isOneWay="false" action="http://www.example.org/servicioControlPresencia/eliminar" name="eliminar" bindingOperationName="eliminar" type="Request-Response" inputName="" receivesAttachments="false" sendsAttachments="false" anonymous="optional"><con:settings/><con:call id="0f4bf486-9c4a-44ae-b16e-ce3be105168e" name="Request 1"><con:settings><con:setting id="com.eviware.soapui.impl.wsdl.WsdlRequest@request-headers">&lt;xml-fragment/></con:setting></con:settings><con:encoding>UTF-8</con:encoding><con:endpoint>http://localhost:8080/P1/services/servicioControlPresencia</con:endpoint><con:request><![CDATA[<soapenv:Envelope xmlns:soapenv="http://schemas.xmlsoap.org/soap/envelope/" xmlns:ser="http://www.example.org/servicioControlPresencia/">\r
   <soapenv:Header/>\r
   <soapenv:Body>\r
      <ser:eliminar>\r
         <nif>17621560H</nif>\r
         <codigosala>1</codigosala>\r
      </ser:eliminar>\r
   </soapenv:Body>\r
</soapenv:Envelope>]]></con:request><con:credentials><con:authType>No Authorization</con:authType></con:credentials><con:jmsConfig JMSDeliveryMode="PERSISTENT"/><con:jmsPropertyConfig/><con:wsaConfig mustUnderstand="NONE" version="200508" action="http://www.example.org/servicioControlPresencia/eliminar"/><con:wsrmConfig version="1.2"/></con:call></con:operation><con:operation id="d48efc3a-9700-4ce0-9784-503611275a75" isOneWay="false" action="http://www.example.org/servicioControlPresencia/registrar" name="registrar" bindingOperationName="registrar" type="Request-Response" inputName="" receivesAttachments="false" sendsAttachments="false" anonymous="optional"><con:settings/><con:call id="070392b8-059d-4126-aaa3-f4e977162468" name="Request 1"><con:settings><con:setting id="com.eviware.soapui.impl.wsdl.WsdlRequest@request-headers">&lt;xml-fragment/></con:setting></con:settings><con:encoding>UTF-8</con:encoding><con:endpoint>http://localhost:8080/P1/services/servicioControlPresencia</con:endpoint><con:request><![CDATA[<soapenv:Envelope xmlns:soapenv="http://schemas.xmlsoap.org/soap/envelope/" xmlns:ser="http://www.example.org/servicioControlPresencia/">\r
   <soapenv:Header/>\r
   <soapenv:Body>\r
      <ser:registrar>\r
         <nif>17621560H</nif>\r
         <codigosala>12</codigosala>\r
      </ser:registrar>\r
   </soapenv:Body>\r
</soapenv:Envelope>]]></con:request><con:credentials><con:authType>No Authorization</con:authType></con:credentials><con:jmsConfig JMSDeliveryMode="PERSISTENT"/><con:jmsPropertyConfig/><con:wsaConfig mustUnderstand="NONE" version="200508" action="http://www.example.org/servicioControlPresencia/registrar"/><con:wsrmConfig version="1.2"/></con:call></con:operation></con:interface><con:properties/><con:wssContainer/><con:oAuth2ProfileContainer/><con:oAuth1ProfileContainer/></con:soapui-project>