<?xml version="1.0" encoding="UTF-8"?>
<con:soapui-project id="fcaeae84-0cbb-47bc-8f13-e33364ecc262" activeEnvironment="Default" name="servicioValidaciones" resourceRoot="" soapui-version="5.4.0" abortOnError="false" runType="SEQUENTIAL" xmlns:con="http://eviware.com/soapui/config"><con:settings/><con:interface xsi:type="con:WsdlInterface" id="34f37d43-bcab-43c3-8775-940758ead394" wsaVersion="NONE" name="servicioValidacionesSOAP" type="wsdl" bindingName="{http://www.example.org/servicioValidaciones/}servicioValidacionesSOAP" soapVersion="1_1" anonymous="optional" definition="file:/C:/MTIS/workspace/P1/servicioValidaciones.wsdl" xmlns:xsi="http://www.w3.org/2001/XMLSchema-instance"><con:settings/><con:definitionCache type="TEXT" rootPart="file:\C:\MTIS\workspace\P1\servicioValidaciones.wsdl"><con:part><con:url>file:\C:\MTIS\workspace\P1\servicioValidaciones.wsdl</con:url><con:content><![CDATA[<wsdl:definitions name="servicioValidaciones" targetNamespace="http://www.example.org/servicioValidaciones/" xmlns:soap="http://schemas.xmlsoap.org/wsdl/soap/" xmlns:tns="http://www.example.org/servicioValidaciones/" xmlns:wsdl="http://schemas.xmlsoap.org/wsdl/" xmlns:xsd="http://www.w3.org/2001/XMLSchema">
  <wsdl:types>
    <xsd:schema targetNamespace="http://www.example.org/servicioValidaciones/">
      <xsd:element name="validarNIF">
        <xsd:complexType>
          <xsd:sequence>
            <xsd:element name="nif" type="xsd:string"/>
          </xsd:sequence>
        </xsd:complexType>
      </xsd:element>
      <xsd:element name="validarNIFResponse">
        <xsd:complexType>
          <xsd:sequence>
            <xsd:element name="result" type="xsd:boolean"/>
            <xsd:element name="message" type="xsd:string"/>
          </xsd:sequence>
        </xsd:complexType>
      </xsd:element>
      <xsd:element name="validarIBAN">
        <xsd:complexType>
          <xsd:sequence>
            <xsd:element name="iban" type="xsd:string"/>
          </xsd:sequence>
        </xsd:complexType>
      </xsd:element>
      <xsd:element name="validarIBANResponse">
        <xsd:complexType>
          <xsd:sequence>
            <xsd:element name="result" type="xsd:boolean"/>
            <xsd:element name="message" type="xsd:string"/>
          </xsd:sequence>
        </xsd:complexType>
      </xsd:element>
      <xsd:element name="validarNAFSS">
        <xsd:complexType>
          <xsd:sequence>
            <xsd:element name="nafss" type="xsd:string"/>
          </xsd:sequence>
        </xsd:complexType>
      </xsd:element>
      <xsd:element name="validarNAFSSResponse">
        <xsd:complexType>
          <xsd:sequence>
            <xsd:element name="result" type="xsd:boolean"/>
            <xsd:element name="message" type="xsd:string"/>
          </xsd:sequence>
        </xsd:complexType>
      </xsd:element>
    </xsd:schema>
  </wsdl:types>
  <wsdl:message name="validarNIFRequest">
    <wsdl:part element="tns:validarNIF" name="parameters"/>
  </wsdl:message>
  <wsdl:message name="validarNIFResponse">
    <wsdl:part element="tns:validarNIFResponse" name="parameters"/>
  </wsdl:message>
  <wsdl:message name="validarIBANRequest">
    <wsdl:part name="parameters" element="tns:validarIBAN"/>
  </wsdl:message>
  <wsdl:message name="validarIBANResponse">
    <wsdl:part name="parameters" element="tns:validarIBANResponse"/>
  </wsdl:message>
  <wsdl:message name="validarNAFSSRequest">
    <wsdl:part name="parameters" element="tns:validarNAFSS"/>
  </wsdl:message>
  <wsdl:message name="validarNAFSSResponse">
    <wsdl:part name="parameters" element="tns:validarNAFSSResponse"/>
  </wsdl:message>
  <wsdl:portType name="servicioValidaciones">
    <wsdl:operation name="validarNIF">
      <wsdl:input message="tns:validarNIFRequest"/>
      <wsdl:output message="tns:validarNIFResponse"/>
    </wsdl:operation>
    <wsdl:operation name="validarIBAN">
      <wsdl:input message="tns:validarIBANRequest"/>
      <wsdl:output message="tns:validarIBANResponse"/>
    </wsdl:operation>
    <wsdl:operation name="validarNAFSS">
      <wsdl:input message="tns:validarNAFSSRequest"/>
      <wsdl:output message="tns:validarNAFSSResponse"/>
    </wsdl:operation>
  </wsdl:portType>
  <wsdl:binding name="servicioValidacionesSOAP" type="tns:servicioValidaciones">
    <soap:binding style="document" transport="http://schemas.xmlsoap.org/soap/http"/>
    <wsdl:operation name="validarNIF">
      <soap:operation soapAction="http://www.example.org/servicioValidaciones/validarNIF"/>
      <wsdl:input>
        <soap:body use="literal"/>
      </wsdl:input>
      <wsdl:output>
        <soap:body use="literal"/>
      </wsdl:output>
    </wsdl:operation>
    <wsdl:operation name="validarIBAN">
      <soap:operation soapAction="http://www.example.org/servicioValidaciones/validarIBAN"/>
      <wsdl:input>
        <soap:body use="literal"/>
      </wsdl:input>
      <wsdl:output>
        <soap:body use="literal"/>
      </wsdl:output>
    </wsdl:operation>
    <wsdl:operation name="validarNAFSS">
      <soap:operation soapAction="http://www.example.org/servicioValidaciones/validarNAFSS"/>
      <wsdl:input>
        <soap:body use="literal"/>
      </wsdl:input>
      <wsdl:output>
        <soap:body use="literal"/>
      </wsdl:output>
    </wsdl:operation>
  </wsdl:binding>
  <wsdl:service name="servicioValidaciones">
    <wsdl:port binding="tns:servicioValidacionesSOAP" name="servicioValidacionesSOAP">
      <soap:address location="http://www.example.org/"/>
    </wsdl:port>
  </wsdl:service>
</wsdl:definitions>]]></con:content><con:type>http://schemas.xmlsoap.org/wsdl/</con:type></con:part></con:definitionCache><con:endpoints><con:endpoint>http://www.example.org/</con:endpoint></con:endpoints><con:operation id="c09f884c-5d63-41dd-a698-62657b6212c6" isOneWay="false" action="http://www.example.org/servicioValidaciones/validarIBAN" name="validarIBAN" bindingOperationName="validarIBAN" type="Request-Response" inputName="" receivesAttachments="false" sendsAttachments="false" anonymous="optional"><con:settings/><con:call id="2bdfa760-375c-49f7-94c4-e4a8159bfe03" name="Request 1"><con:settings><con:setting id="com.eviware.soapui.impl.wsdl.WsdlRequest@request-headers">&lt;xml-fragment/></con:setting></con:settings><con:encoding>UTF-8</con:encoding><con:endpoint>http://localhost:8080/P1/services/servicioValidaciones</con:endpoint><con:request><![CDATA[<soapenv:Envelope xmlns:soapenv="http://schemas.xmlsoap.org/soap/envelope/" xmlns:ser="http://www.example.org/servicioValidaciones/">\r
   <soapenv:Header/>\r
   <soapenv:Body>\r
      <ser:validarIBAN>\r
         <iban>ES3604879661838341429779</iban>\r
      </ser:validarIBAN>\r
   </soapenv:Body>\r
</soapenv:Envelope>]]></con:request><con:credentials><con:authType>No Authorization</con:authType></con:credentials><con:jmsConfig JMSDeliveryMode="PERSISTENT"/><con:jmsPropertyConfig/><con:wsaConfig mustUnderstand="NONE" version="200508" action="http://www.example.org/servicioValidaciones/validarIBAN"/><con:wsrmConfig version="1.2"/></con:call></con:operation><con:operation id="b5689295-9857-44d9-9c23-7c8e2b1f71e2" isOneWay="false" action="http://www.example.org/servicioValidaciones/validarNAFSS" name="validarNAFSS" bindingOperationName="validarNAFSS" type="Request-Response" inputName="" receivesAttachments="false" sendsAttachments="false" anonymous="optional"><con:settings/><con:call id="4a039556-a284-445a-83c0-a79dcc902fd6" name="Request 1"><con:settings><con:setting id="com.eviware.soapui.impl.wsdl.WsdlRequest@request-headers">&lt;xml-fragment/></con:setting></con:settings><con:encoding>UTF-8</con:encoding><con:endpoint>http://localhost:8080/P1/services/servicioValidaciones</con:endpoint><con:request><![CDATA[<soapenv:Envelope xmlns:soapenv="http://schemas.xmlsoap.org/soap/envelope/" xmlns:ser="http://www.example.org/servicioValidaciones/">\r
   <soapenv:Header/>\r
   <soapenv:Body>\r
      <ser:validarNAFSS>\r
         <nafss>1234567890s12</nafss>\r
      </ser:validarNAFSS>\r
   </soapenv:Body>\r
</soapenv:Envelope>]]></con:request><con:credentials><con:authType>No Authorization</con:authType></con:credentials><con:jmsConfig JMSDeliveryMode="PERSISTENT"/><con:jmsPropertyConfig/><con:wsaConfig mustUnderstand="NONE" version="200508" action="http://www.example.org/servicioValidaciones/validarNAFSS"/><con:wsrmConfig version="1.2"/></con:call></con:operation><con:operation id="d609397b-6bc9-4aa1-9c9c-9c90c3b9ea90" isOneWay="false" action="http://www.example.org/servicioValidaciones/validarNIF" name="validarNIF" bindingOperationName="validarNIF" type="Request-Response" inputName="" receivesAttachments="false" sendsAttachments="false" anonymous="optional"><con:settings/><con:call id="d082d80d-de75-4111-a0c9-62c522766d53" name="Request 1"><con:settings><con:setting id="com.eviware.soapui.impl.wsdl.WsdlRequest@request-headers">&lt;xml-fragment/></con:setting></con:settings><con:encoding>UTF-8</con:encoding><con:endpoint>http://localhost:8080/P1/services/servicioValidaciones</con:endpoint><con:request><![CDATA[<soapenv:Envelope xmlns:soapenv="http://schemas.xmlsoap.org/soap/envelope/" xmlns:ser="http://www.example.org/servicioValidaciones/">\r
   <soapenv:Header/>\r
   <soapenv:Body>\r
      <ser:validarNIF>\r
         <nif>17621560H</nif>\r
      </ser:validarNIF>\r
   </soapenv:Body>\r
</soapenv:Envelope>]]></con:request><con:credentials><con:authType>No Authorization</con:authType></con:credentials><con:jmsConfig JMSDeliveryMode="PERSISTENT"/><con:jmsPropertyConfig/><con:wsaConfig mustUnderstand="NONE" version="200508" action="http://www.example.org/servicioValidaciones/validarNIF"/><con:wsrmConfig version="1.2"/></con:call></con:operation></con:interface><con:properties/><con:wssContainer/><con:oAuth2ProfileContainer/><con:oAuth1ProfileContainer/></con:soapui-project>