<?xml version="1.0" encoding="UTF-8"?>
<con:soapui-project id="2cd0508f-c097-4a37-912c-ee73cfb86dbc" activeEnvironment="Default" name="servicioControlAccesos" resourceRoot="" soapui-version="5.4.0" abortOnError="false" runType="SEQUENTIAL" xmlns:con="http://eviware.com/soapui/config"><con:settings/><con:interface xsi:type="con:WsdlInterface" id="67020b75-5032-4fe6-ab0c-5fb91adcda4b" wsaVersion="NONE" name="servicioControlAccesosSOAP" type="wsdl" bindingName="{http://www.example.org/servicioControlAccesos/}servicioControlAccesosSOAP" soapVersion="1_1" anonymous="optional" definition="file:/C:/MTIS/workspace/P1/servicioControlAccesos.wsdl" xmlns:xsi="http://www.w3.org/2001/XMLSchema-instance"><con:settings/><con:definitionCache type="TEXT" rootPart="file:\C:\MTIS\workspace\P1\servicioControlAccesos.wsdl"><con:part><con:url>file:\C:\MTIS\workspace\P1\servicioControlAccesos.wsdl</con:url><con:content><![CDATA[<wsdl:definitions name="servicioControlAccesos" targetNamespace="http://www.example.org/servicioControlAccesos/" xmlns:soap="http://schemas.xmlsoap.org/wsdl/soap/" xmlns:tns="http://www.example.org/servicioControlAccesos/" xmlns:wsdl="http://schemas.xmlsoap.org/wsdl/" xmlns:xsd="http://www.w3.org/2001/XMLSchema">
  <wsdl:types>
    <xsd:schema targetNamespace="http://www.example.org/servicioControlAccesos/">
      <xsd:element name="registrar">
        <xsd:complexType>
          <xsd:sequence>
            <xsd:element name="nif" type="xsd:string"/>
            <xsd:element name="codigosala" type="xsd:string"/>
            <xsd:element name="codigodispositivo" type="xsd:int"/>
          </xsd:sequence>
        </xsd:complexType>
      </xsd:element>
      <xsd:element name="registrarResponse">
        <xsd:complexType>
          <xsd:sequence>
            <xsd:element name="result" type="xsd:boolean"/>
            <xsd:element name="message" type="xsd:string"/>
          </xsd:sequence>
        </xsd:complexType>
      </xsd:element>
      <xsd:element name="consultar">
        <xsd:complexType>
          <xsd:sequence>
            <xsd:element name="nif" type="xsd:string"/>
            <xsd:element name="codigosala" type="xsd:string"/>
            <xsd:element name="codigodispositivo" type="xsd:int"/>
            <xsd:element name="fechaDesde" type="xsd:date"/>
            <xsd:element name="fechaHasta" type="xsd:date"/>
          </xsd:sequence>
        </xsd:complexType>
      </xsd:element>
      <xsd:element name="consultarResponse">
        <xsd:complexType>
          <xsd:sequence>
            <xsd:element name="registros" type="tns:RegistroAccesos" maxOccurs="unbounded" minOccurs="0"></xsd:element>
            <xsd:element name="result" type="xsd:boolean"/>
            <xsd:element name="message" type="xsd:string"/>
          </xsd:sequence>
        </xsd:complexType>
      </xsd:element>
      <xsd:complexType name="RegistroAccesos">
        <xsd:sequence>
          <xsd:element name="id" type="xsd:int"/>
          <xsd:element name="nif" type="xsd:string"/>
          <xsd:element name="codigoSala" type="xsd:string"/>
          <xsd:element name="codigoDispositivo" type="xsd:int"/>
          <xsd:element name="fechaHora" type="xsd:dateTime"/>
        </xsd:sequence>
      </xsd:complexType>
    </xsd:schema>
  </wsdl:types>
  <wsdl:message name="registrarRequest">
    <wsdl:part element="tns:registrar" name="parameters"/>
  </wsdl:message>
  <wsdl:message name="registrarResponse">
    <wsdl:part element="tns:registrarResponse" name="parameters"/>
  </wsdl:message>
  <wsdl:message name="consultarRequest">
    <wsdl:part name="parameters" element="tns:consultar"/>
  </wsdl:message>
  <wsdl:message name="consultarResponse">
    <wsdl:part name="parameters" element="tns:consultarResponse"/>
  </wsdl:message>
  <wsdl:portType name="servicioControlAccesos">
    <wsdl:operation name="registrar">
      <wsdl:input message="tns:registrarRequest"/>
      <wsdl:output message="tns:registrarResponse"/>
    </wsdl:operation>
    <wsdl:operation name="consultar">
      <wsdl:input message="tns:consultarRequest"/>
      <wsdl:output message="tns:consultarResponse"/>
    </wsdl:operation>
  </wsdl:portType>
  <wsdl:binding name="servicioControlAccesosSOAP" type="tns:servicioControlAccesos">
    <soap:binding style="document" transport="http://schemas.xmlsoap.org/soap/http"/>
    <wsdl:operation name="registrar">
      <soap:operation soapAction="http://www.example.org/servicioControlAccesos/registrar"/>
      <wsdl:input>
        <soap:body use="literal"/>
      </wsdl:input>
      <wsdl:output>
        <soap:body use="literal"/>
      </wsdl:output>
    </wsdl:operation>
    <wsdl:operation name="consultar">
      <soap:operation soapAction="http://www.example.org/servicioControlAccesos/consultar"/>
      <wsdl:input>
        <soap:body use="literal"/>
      </wsdl:input>
      <wsdl:output>
        <soap:body use="literal"/>
      </wsdl:output>
    </wsdl:operation>
  </wsdl:binding>
  <wsdl:service name="servicioControlAccesos">
    <wsdl:port binding="tns:servicioControlAccesosSOAP" name="servicioControlAccesosSOAP">
      <soap:address location="http://www.example.org/"/>
    </wsdl:port>
  </wsdl:service>
</wsdl:definitions>]]></con:content><con:type>http://schemas.xmlsoap.org/wsdl/</con:type></con:part></con:definitionCache><con:endpoints><con:endpoint>http://www.example.org/</con:endpoint></con:endpoints><con:operation id="f2ab8305-5f87-4975-a1cd-88aadfae8c58" isOneWay="false" action="http://www.example.org/servicioControlAccesos/consultar" name="consultar" bindingOperationName="consultar" type="Request-Response" inputName="" receivesAttachments="false" sendsAttachments="false" anonymous="optional"><con:settings/><con:call id="71f01bb5-a591-4958-929d-11dd0e8dcaf8" name="Request 1"><con:settings><con:setting id="com.eviware.soapui.impl.wsdl.WsdlRequest@request-headers">&lt;xml-fragment/></con:setting></con:settings><con:encoding>UTF-8</con:encoding><con:endpoint>http://localhost:8080/P1/services/servicioControlAccesos</con:endpoint><con:request><![CDATA[<soapenv:Envelope xmlns:soapenv="http://schemas.xmlsoap.org/soap/envelope/" xmlns:ser="http://www.example.org/servicioControlAccesos/">\r
   <soapenv:Header/>\r
   <soapenv:Body>\r
      <ser:consultar>\r
         <nif>17621560H</nif>\r
         <codigosala>12</codigosala>\r
         <codigodispositivo>1</codigodispositivo>\r
         <fechaDesde>2023-02-21</fechaDesde>\r
         <fechaHasta>2024-02-21</fechaHasta>\r
      </ser:consultar>\r
   </soapenv:Body>\r
</soapenv:Envelope>]]></con:request><con:credentials><con:authType>No Authorization</con:authType></con:credentials><con:jmsConfig JMSDeliveryMode="PERSISTENT"/><con:jmsPropertyConfig/><con:wsaConfig mustUnderstand="NONE" version="200508" action="http://www.example.org/servicioControlAccesos/consultar"/><con:wsrmConfig version="1.2"/></con:call></con:operation><con:operation id="8f106298-02f8-4087-85f9-aaff68c8ea2c" isOneWay="false" action="http://www.example.org/servicioControlAccesos/registrar" name="registrar" bindingOperationName="registrar" type="Request-Response" inputName="" receivesAttachments="false" sendsAttachments="false" anonymous="optional"><con:settings/><con:call id="7023eaed-c050-4454-ac0c-e0de7d6b4c12" name="Request 1"><con:settings><con:setting id="com.eviware.soapui.impl.wsdl.WsdlRequest@request-headers">&lt;xml-fragment/></con:setting></con:settings><con:encoding>UTF-8</con:encoding><con:endpoint>http://localhost:8080/P1/services/servicioControlAccesos</con:endpoint><con:request><![CDATA[<soapenv:Envelope xmlns:soapenv="http://schemas.xmlsoap.org/soap/envelope/" xmlns:ser="http://www.example.org/servicioControlAccesos/">\r
   <soapenv:Header/>\r
   <soapenv:Body>\r
      <ser:registrar>\r
         <nif>17621560H</nif>\r
         <codigosala>12</codigosala>\r
         <codigodispositivo>1</codigodispositivo>\r
      </ser:registrar>\r
   </soapenv:Body>\r
</soapenv:Envelope>]]></con:request><con:credentials><con:authType>No Authorization</con:authType></con:credentials><con:jmsConfig JMSDeliveryMode="PERSISTENT"/><con:jmsPropertyConfig/><con:wsaConfig mustUnderstand="NONE" version="200508" action="http://www.example.org/servicioControlAccesos/registrar"/><con:wsrmConfig version="1.2"/></con:call></con:operation></con:interface><con:properties/><con:wssContainer/><con:oAuth2ProfileContainer/><con:oAuth1ProfileContainer/></con:soapui-project>