<?xml version="1.0" encoding="UTF-8"?><!-- This file was auto-generated from WSDL --><!-- by the Apache Axis2 version: 1.6.3  Built on : Jun 27, 2015 (11:17:49 BST) --><serviceGroup>
    <service name="servicioControlPresencia">
        <messageReceivers>
            <messageReceiver mep="http://www.w3.org/ns/wsdl/in-out" class="org.example.www.serviciocontrolpresencia.ServicioControlPresenciaMessageReceiverInOut"/>
        </messageReceivers>
        <parameter name="ServiceClass">org.example.www.serviciocontrolpresencia.ServicioControlPresenciaSkeleton</parameter>
        <parameter name="useOriginalwsdl">true</parameter>
        <parameter name="modifyUserWSDLPortAddress">true</parameter>
        <operation name="controlEmpleadosSala" mep="http://www.w3.org/ns/wsdl/in-out" namespace="http://www.example.org/servicioControlPresencia/">
            <actionMapping>http://www.example.org/servicioControlPresencia/controlEmpleadosSala</actionMapping>
            <outputActionMapping>http://www.example.org/servicioControlPresencia/servicioControlPresencia/controlEmpleadosSalaResponse</outputActionMapping>
        </operation>
        <operation name="registrar" mep="http://www.w3.org/ns/wsdl/in-out" namespace="http://www.example.org/servicioControlPresencia/">
            <actionMapping>http://www.example.org/servicioControlPresencia/registrar</actionMapping>
            <outputActionMapping>http://www.example.org/servicioControlPresencia/servicioControlPresencia/registrarResponse</outputActionMapping>
        </operation>
        <operation name="eliminar" mep="http://www.w3.org/ns/wsdl/in-out" namespace="http://www.example.org/servicioControlPresencia/">
            <actionMapping>http://www.example.org/servicioControlPresencia/eliminar</actionMapping>
            <outputActionMapping>http://www.example.org/servicioControlPresencia/servicioControlPresencia/eliminarResponse</outputActionMapping>
        </operation>
    </service>
</serviceGroup>
