<?xml version="1.0" encoding="UTF-8"?><!-- This file was auto-generated from WSDL --><!-- by the Apache Axis2 version: 1.6.3  Built on : Jun 27, 2015 (11:17:49 BST) --><serviceGroup>
    <service name="servicioValidaciones">
        <messageReceivers>
            <messageReceiver mep="http://www.w3.org/ns/wsdl/in-out" class="org.example.www.serviciovalidaciones.ServicioValidacionesMessageReceiverInOut"/>
        </messageReceivers>
        <parameter name="ServiceClass">org.example.www.serviciovalidaciones.ServicioValidacionesSkeleton</parameter>
        <parameter name="useOriginalwsdl">true</parameter>
        <parameter name="modifyUserWSDLPortAddress">true</parameter>
        <operation name="validarIBAN" mep="http://www.w3.org/ns/wsdl/in-out" namespace="http://www.example.org/servicioValidaciones/">
            <actionMapping>http://www.example.org/servicioValidaciones/validarIBAN</actionMapping>
            <outputActionMapping>http://www.example.org/servicioValidaciones/servicioValidaciones/validarIBANResponse</outputActionMapping>
        </operation>
        <operation name="validarNAFSS" mep="http://www.w3.org/ns/wsdl/in-out" namespace="http://www.example.org/servicioValidaciones/">
            <actionMapping>http://www.example.org/servicioValidaciones/validarNAFSS</actionMapping>
            <outputActionMapping>http://www.example.org/servicioValidaciones/servicioValidaciones/validarNAFSSResponse</outputActionMapping>
        </operation>
        <operation name="validarNIF" mep="http://www.w3.org/ns/wsdl/in-out" namespace="http://www.example.org/servicioValidaciones/">
            <actionMapping>http://www.example.org/servicioValidaciones/validarNIF</actionMapping>
            <outputActionMapping>http://www.example.org/servicioValidaciones/servicioValidaciones/validarNIFResponse</outputActionMapping>
        </operation>
    </service>
</serviceGroup>
