<?xml version="1.0" encoding="UTF-8"?><!-- This file was auto-generated from WSDL --><!-- by the Apache Axis2 version: 1.6.3  Built on : Jun 27, 2015 (11:17:49 BST) --><serviceGroup>
    <service name="servicioControlAccesos">
        <messageReceivers>
            <messageReceiver mep="http://www.w3.org/ns/wsdl/in-out" class="org.example.www.serviciocontrolaccesos.ServicioControlAccesosMessageReceiverInOut"/>
        </messageReceivers>
        <parameter name="ServiceClass">org.example.www.serviciocontrolaccesos.ServicioControlAccesosSkeleton</parameter>
        <parameter name="useOriginalwsdl">true</parameter>
        <parameter name="modifyUserWSDLPortAddress">true</parameter>
        <operation name="consultar" mep="http://www.w3.org/ns/wsdl/in-out" namespace="http://www.example.org/servicioControlAccesos/">
            <actionMapping>http://www.example.org/servicioControlAccesos/consultar</actionMapping>
            <outputActionMapping>http://www.example.org/servicioControlAccesos/servicioControlAccesos/consultarResponse</outputActionMapping>
        </operation>
        <operation name="registrar" mep="http://www.w3.org/ns/wsdl/in-out" namespace="http://www.example.org/servicioControlAccesos/">
            <actionMapping>http://www.example.org/servicioControlAccesos/registrar</actionMapping>
            <outputActionMapping>http://www.example.org/servicioControlAccesos/servicioControlAccesos/registrarResponse</outputActionMapping>
        </operation>
    </service>
</serviceGroup>
