<?xml version="1.0" encoding="UTF-8"?><!-- This file was auto-generated from WSDL --><!-- by the Apache Axis2 version: 1.6.3  Built on : Jun 27, 2015 (11:17:49 BST) --><serviceGroup>
    <service name="servicioEmpleado">
        <messageReceivers>
            <messageReceiver mep="http://www.w3.org/ns/wsdl/in-out" class="org.example.www.servicioempleado.ServicioEmpleadoMessageReceiverInOut"/>
        </messageReceivers>
        <parameter name="ServiceClass">org.example.www.servicioempleado.ServicioEmpleadoSkeleton</parameter>
        <parameter name="useOriginalwsdl">true</parameter>
        <parameter name="modifyUserWSDLPortAddress">true</parameter>
        <operation name="modificar" mep="http://www.w3.org/ns/wsdl/in-out" namespace="http://www.example.org/servicioEmpleado/">
            <actionMapping>http://www.example.org/servicioEmpleado/modificar</actionMapping>
            <outputActionMapping>http://www.example.org/servicioEmpleado/servicioEmpleado/modificarResponse</outputActionMapping>
        </operation>
        <operation name="consultar" mep="http://www.w3.org/ns/wsdl/in-out" namespace="http://www.example.org/servicioEmpleado/">
            <actionMapping>http://www.example.org/servicioEmpleado/consultar</actionMapping>
            <outputActionMapping>http://www.example.org/servicioEmpleado/servicioEmpleado/consultarResponse</outputActionMapping>
        </operation>
        <operation name="nuevo" mep="http://www.w3.org/ns/wsdl/in-out" namespace="http://www.example.org/servicioEmpleado/">
            <actionMapping>http://www.example.org/servicioEmpleado/nuevo</actionMapping>
            <outputActionMapping>http://www.example.org/servicioEmpleado/servicioEmpleado/nuevoResponse</outputActionMapping>
        </operation>
        <operation name="borrar" mep="http://www.w3.org/ns/wsdl/in-out" namespace="http://www.example.org/servicioEmpleado/">
            <actionMapping>http://www.example.org/servicioEmpleado/borrar</actionMapping>
            <outputActionMapping>http://www.example.org/servicioEmpleado/servicioEmpleado/borrarResponse</outputActionMapping>
        </operation>
    </service>
</serviceGroup>
